crop_name,state_code,harvest_year,model,predicted_pct,actual_pct,trend_kg_ha,yield_kg_ha,role
SOJA,BA,2003,baseline_trend,0.0,-18.277238410195423,2239.2292727272434,1829.96,baseline
SOJA,GO,2003,baseline_trend,0.0,0.3772577020730283,2919.0078181817953,2930.02,baseline
SOJA,MG,2003,baseline_trend,0.0,6.21530766136827,2513.752545454525,2669.99,baseline
SOJA,MS,2003,baseline_trend,0.0,5.224507422360125,2756.0214545454364,2900.01,baseline
SOJA,MT,2003,baseline_trend,0.0,-6.077190766473525,3119.572363636369,2929.99,baseline
SOJA,PR,2003,baseline_trend,0.0,-0.2340182270772359,3023.074545454496,3016.0,baseline
SOJA,RS,2003,baseline_trend,0.0,48.31783525993906,1806.9303636363638,2680.0,baseline
SOJA,BA,2003,ridge_by_state,1.6824623014789322,-18.277238410195423,2239.2292727272434,1829.96,model
SOJA,GO,2003,ridge_by_state,1.5438716510803776,0.3772577020730283,2919.0078181817953,2930.02,model
SOJA,MG,2003,ridge_by_state,-0.24267625979112384,6.21530766136827,2513.752545454525,2669.99,model
SOJA,MS,2003,ridge_by_state,-2.1558782913082704,5.224507422360125,2756.0214545454364,2900.01,model
SOJA,MT,2003,ridge_by_state,-0.30782968281899475,-6.077190766473525,3119.572363636369,2929.99,model
SOJA,PR,2003,ridge_by_state,-1.3443545032549398,-0.2340182270772359,3023.074545454496,3016.0,model
SOJA,RS,2003,ridge_by_state,0.9778235883777441,48.31783525993906,1806.9303636363638,2680.0,model
SOJA,BA,2004,baseline_trend,0.0,25.696036917419097,2148.086818181793,2700.06,baseline
SOJA,GO,2004,baseline_trend,0.0,-20.548722257145574,3008.1454545455053,2390.01,baseline
SOJA,MG,2004,baseline_trend,0.0,-4.518094696478289,2613.0919696969795,2495.03,baseline
SOJA,MS,2004,baseline_trend,0.0,-35.56123773756917,2870.9272727272473,1849.99,baseline
SOJA,MT,2004,baseline_trend,0.0,-8.491815632192019,3129.77469696966,2864.0,baseline
SOJA,PR,2004,baseline_trend,0.0,-17.540328596463823,3092.4086363636015,2549.99,baseline
SOJA,RS,2004,baseline_trend,0.0,-33.032977055242895,2090.581212121222,1400.0,baseline
SOJA,BA,2004,ridge_by_state,7.714131929607727,25.696036917419097,2148.086818181793,2700.06,model
SOJA,GO,2004,ridge_by_state,-0.3098983204678225,-20.548722257145574,3008.1454545455053,2390.01,model
SOJA,MG,2004,ridge_by_state,1.6695968696335712,-4.518094696478289,2613.0919696969795,2495.03,model
SOJA,MS,2004,ridge_by_state,-14.366114126479962,-35.56123773756917,2870.9272727272473,1849.99,model
SOJA,MT,2004,ridge_by_state,-1.268999352197301,-8.491815632192019,3129.77469696966,2864.0,model
SOJA,PR,2004,ridge_by_state,-5.9280468851477925,-17.540328596463823,3092.4086363636015,2549.99,model
SOJA,RS,2004,ridge_by_state,-12.987279586522682,-33.032977055242895,2090.581212121222,1400.0,model
SOJA,BA,2005,baseline_trend,0.0,17.573676472826325,2347.4642307692848,2760.0,baseline
SOJA,GO,2005,baseline_trend,0.0,-9.636906563390426,2903.8403846153815,2624.0,baseline
SOJA,MG,2005,baseline_trend,0.0,2.661386439780016,2630.034615384633,2700.03,baseline
SOJA,MS,2005,baseline_trend,0.0,-27.65933418909316,2629.240384615361,1902.01,baseline
SOJA,MT,2005,baseline_trend,0.0,-5.655005942569848,3114.1026923077297,2938.0,baseline
SOJA,PR,2005,baseline_trend,0.0,-21.919784600143164,2996.9307692308066,2340.01,baseline
SOJA,RS,2005,baseline_trend,0.0,-63.34614844729061,1904.3019230769078,698.0,baseline
SOJA,BA,2005,ridge_by_state,4.260167540849852,17.573676472826325,2347.4642307692848,2760.0,model
SOJA,GO,2005,ridge_by_state,-4.2096756765708045,-9.636906563390426,2903.8403846153815,2624.0,model
SOJA,MG,2005,ridge_by_state,-0.8268770498027093,2.661386439780016,2630.034615384633,2700.03,model
SOJA,MS,2005,ridge_by_state,-19.03372729308975,-27.65933418909316,2629.240384615361,1902.01,model
SOJA,MT,2005,ridge_by_state,-2.054832572988586,-5.655005942569848,3114.1026923077297,2938.0,model
SOJA,PR,2005,ridge_by_state,-10.001809829400257,-21.919784600143164,2996.9307692308066,2340.01,model
SOJA,RS,2005,ridge_by_state,-29.836128840021907,-63.34614844729061,1904.3019230769078,698.0,model
SOJA,BA,2006,baseline_trend,0.0,-9.193464719518806,2513.0680219780625,2282.03,baseline
SOJA,GO,2006,baseline_trend,0.0,-11.05345517575205,2889.3983516483713,2570.02,baseline
SOJA,MG,2006,baseline_trend,0.0,-13.31477901809787,2699.410549450564,2339.99,baseline
SOJA,MS,2006,baseline_trend,0.0,-7.326109583849284,2460.2506593406724,2280.01,baseline
SOJA,MT,2006,baseline_trend,0.0,-13.653086200200764,3121.130659340677,2695.0,baseline
SOJA,PR,2006,baseline_trend,0.0,-15.396843931702763,2862.7773626373964,2422.0,baseline
SOJA,RS,2006,baseline_trend,0.0,25.3930484332407,1563.0850549450552,1960.0,baseline
SOJA,BA,2006,ridge_by_state,2.4537987091209392,-9.193464719518806,2513.0680219780625,2282.03,model
SOJA,GO,2006,ridge_by_state,-5.918676560035475,-11.05345517575205,2889.3983516483713,2570.02,model
SOJA,MG,2006,ridge_by_state,-1.8829562641039115,-13.31477901809787,2699.410549450564,2339.99,model
SOJA,MS,2006,ridge_by_state,-7.298909684855564,-7.326109583849284,2460.2506593406724,2280.01,model
SOJA,MT,2006,ridge_by_state,-1.7270443008728587,-13.653086200200764,3121.130659340677,2695.0,model
SOJA,PR,2006,ridge_by_state,-4.675751958198043,-15.396843931702763,2862.7773626373964,2422.0,model
SOJA,RS,2006,ridge_by_state,-12.412539841292684,25.3930484332407,1563.0850549450552,1960.0,model
SOJA,BA,2007,baseline_trend,0.0,7.529684565328942,2510.9810476190905,2700.05,baseline
SOJA,GO,2007,baseline_trend,0.0,-2.5071292597723636,2861.747714285724,2790.0,baseline
SOJA,MG,2007,baseline_trend,0.0,3.957065803566821,2654.9421904761984,2760.0,baseline
SOJA,MS,2007,baseline_trend,0.0,15.629632190003734,2430.198857142892,2810.03,baseline
SOJA,MT,2007,baseline_trend,0.0,-2.0526564744494187,3059.807333333345,2997.0,baseline
SOJA,PR,2007,baseline_trend,0.0,7.733587812644693,2780.005809523849,2995.0,baseline
SOJA,RS,2007,baseline_trend,0.0,55.6867711249801,1637.9040952380892,2550.0,baseline
SOJA,BA,2007,ridge_by_state,-12.081917577808872,7.529684565328942,2510.9810476190905,2700.05,model
SOJA,GO,2007,ridge_by_state,-8.823510310865268,-2.5071292597723636,2861.747714285724,2790.0,model
SOJA,MG,2007,ridge_by_state,-4.073450388644536,3.957065803566821,2654.9421904761984,2760.0,model
SOJA,MS,2007,ridge_by_state,5.633626897492597,15.629632190003734,2430.198857142892,2810.03,model
SOJA,MT,2007,ridge_by_state,-6.106221314541538,-2.0526564744494187,3059.807333333345,2997.0,model
SOJA,PR,2007,ridge_by_state,-2.0061535910898924,7.733587812644693,2780.005809523849,2995.0,model
SOJA,RS,2007,ridge_by_state,-14.01800235788939,55.6867711249801,1637.9040952380892,2550.0,model
SOJA,BA,2008,baseline_trend,0.0,16.233737768691086,2611.99549999999,3036.02,baseline
SOJA,GO,2008,baseline_trend,0.0,3.7560959972519514,2893.343249999991,3002.02,baseline
SOJA,MG,2008,baseline_trend,0.0,7.063514231587586,2723.598249999981,2915.98,baseline
SOJA,MS,2008,baseline_trend,0.0,3.9531438398876517,2538.662999999993,2639.02,baseline
SOJA,MT,2008,baseline_trend,0.0,1.9196625146692379,3085.7637499999983,3145.0,baseline
SOJA,PR,2008,baseline_trend,0.0,4.671769488337177,2857.5039999999863,2991.0,baseline
SOJA,RS,2008,baseline_trend,0.0,9.92960853760799,1844.825999999989,2028.01,baseline
SOJA,BA,2008,ridge_by_state,1.6470294065066622,16.233737768691086,2611.99549999999,3036.02,model
SOJA,GO,2008,ridge_by_state,-1.8983281870175428,3.7560959972519514,2893.343249999991,3002.02,model
SOJA,MG,2008,ridge_by_state,-2.144677008755945,7.063514231587586,2723.598249999981,2915.98,model
SOJA,MS,2008,ridge_by_state,-1.355970005706263,3.9531438398876517,2538.662999999993,2639.02,model
SOJA,MT,2008,ridge_by_state,-1.0807500242102237,1.9196625146692379,3085.7637499999983,3145.0,model
SOJA,PR,2008,ridge_by_state,-4.0609509273660755,4.671769488337177,2857.5039999999863,2991.0,model
SOJA,RS,2008,ridge_by_state,-9.765570509677675,9.92960853760799,1844.825999999989,2028.01,model
SOJA,BA,2009,baseline_trend,0.0,-7.860241002238019,2769.6838235294126,2551.98,baseline
SOJA,GO,2009,baseline_trend,0.0,-0.1305770692567007,2966.8640441176394,2962.99,baseline
SOJA,MG,2009,baseline_trend,0.0,5.241248954876006,2813.5736029411783,2961.04,baseline
SOJA,MS,2009,baseline_trend,0.0,-5.733055111319606,2584.1613970588296,2436.01,baseline
SOJA,MT,2009,baseline_trend,0.0,-1.8463361904886015,3139.974485294093,3082.0,baseline
SOJA,PR,2009,baseline_trend,0.0,-19.894961115122,2917.4069852941175,2336.99,baseline
SOJA,RS,2009,baseline_trend,0.0,9.701613598040325,1886.945808823525,2070.01,baseline
SOJA,BA,2009,ridge_by_state,0.6921167839092957,-7.860241002238019,2769.6838235294126,2551.98,model
SOJA,GO,2009,ridge_by_state,-6.1544307272314605,-0.1305770692567007,2966.8640441176394,2962.99,model
SOJA,MG,2009,ridge_by_state,-1.6350061239066989,5.241248954876006,2813.5736029411783,2961.04,model
SOJA,MS,2009,ridge_by_state,-22.53060254891675,-5.733055111319606,2584.1613970588296,2436.01,model
SOJA,MT,2009,ridge_by_state,-3.372653242391084,-1.8463361904886015,3139.974485294093,3082.0,model
SOJA,PR,2009,ridge_by_state,-6.414593727580967,-19.894961115122,2917.4069852941175,2336.99,model
SOJA,RS,2009,ridge_by_state,-15.634111109759978,9.701613598040325,1886.945808823525,2070.01,model
SOJA,BA,2010,baseline_trend,0.0,9.774676360607062,2787.537254901981,3060.01,baseline
SOJA,GO,2010,baseline_trend,0.0,-4.511275637415318,3016.0838562091812,2880.02,baseline
SOJA,MG,2010,baseline_trend,0.0,-2.655260993671363,2894.8251633987093,2817.96,baseline
SOJA,MS,2010,baseline_trend,0.0,20.383677189784567,2575.091633986951,3099.99,baseline
SOJA,MT,2010,baseline_trend,0.0,-4.845015540000777,3168.525555555563,3015.01,baseline
SOJA,PR,2010,baseline_trend,0.0,11.330053292054277,2819.5351633987157,3138.99,baseline
SOJA,RS,2010,baseline_trend,0.0,33.14380389274733,1930.2362745097998,2569.99,baseline
SOJA,BA,2010,ridge_by_state,-7.7866507440607835,9.774676360607062,2787.537254901981,3060.01,model
SOJA,GO,2010,ridge_by_state,-3.350934746019712,-4.511275637415318,3016.0838562091812,2880.02,model
SOJA,MG,2010,ridge_by_state,-4.1208690117635935,-2.655260993671363,2894.8251633987093,2817.96,model
SOJA,MS,2010,ridge_by_state,3.3252913147959022,20.383677189784567,2575.091633986951,3099.99,model
SOJA,MT,2010,ridge_by_state,-3.28289113646904,-4.845015540000777,3168.525555555563,3015.01,model
SOJA,PR,2010,ridge_by_state,1.1355696317455344,11.330053292054277,2819.5351633987157,3138.99,model
SOJA,RS,2010,ridge_by_state,2.6611709280841205,33.14380389274733,1930.2362745097998,2569.99,model
SOJA,BA,2011,baseline_trend,0.0,15.570646359255644,2907.312631578883,3360.0,baseline
SOJA,GO,2011,baseline_trend,0.0,3.3764627480313885,3037.4515789473517,3140.01,baseline
SOJA,MG,2011,baseline_trend,0.0,-2.890434989853928,2929.711403508758,2845.03,baseline
SOJA,MS,2011,baseline_trend,0.0,8.502126443851502,2706.8501754385943,2936.99,baseline
SOJA,MT,2011,baseline_trend,0.0,0.42108594278851214,3176.623684210499,3190.0,baseline
SOJA,PR,2011,baseline_trend,0.0,15.554622365901375,2907.715789473681,3360.0,baseline
SOJA,RS,2011,baseline_trend,0.0,37.39081804034822,2070.7424561403313,2845.01,baseline
SOJA,BA,2011,ridge_by_state,-1.7788129783399258,15.570646359255644,2907.312631578883,3360.0,model
SOJA,GO,2011,ridge_by_state,0.9517237707077318,3.3764627480313885,3037.4515789473517,3140.01,model
SOJA,MG,2011,ridge_by_state,0.5277449864466497,-2.890434989853928,2929.711403508758,2845.03,model
SOJA,MS,2011,ridge_by_state,3.567653647093721,8.502126443851502,2706.8501754385943,2936.99,model
SOJA,MT,2011,ridge_by_state,-0.27799692950205124,0.42108594278851214,3176.623684210499,3190.0,model
SOJA,PR,2011,ridge_by_state,2.538913350403112,15.554622365901375,2907.715789473681,3360.0,model
SOJA,RS,2011,ridge_by_state,4.374558617199471,37.39081804034822,2070.7424561403313,2845.01,model
SOJA,BA,2012,baseline_trend,0.0,-6.675498806520884,3064.5650000000605,2859.99,baseline
SOJA,GO,2012,baseline_trend,0.0,0.45663733160204156,3105.827631578999,3120.01,baseline
SOJA,MG,2012,baseline_trend,0.0,0.8229228487546323,2962.6298421052925,2987.01,baseline
SOJA,MS,2012,baseline_trend,0.0,-8.352069865431364,2782.4196315789522,2550.03,baseline
SOJA,MT,2012,baseline_trend,0.0,-2.7129090183593543,3217.2922105263424,3130.01,baseline
SOJA,PR,2012,baseline_trend,0.0,-18.885797143199557,3024.143631578998,2453.01,baseline
SOJA,RS,2012,baseline_trend,0.0,-30.62783190305366,2241.518526315813,1554.99,baseline
SOJA,BA,2012,ridge_by_state,-11.384750524944872,-6.675498806520884,3064.5650000000605,2859.99,model
SOJA,GO,2012,ridge_by_state,-2.1522235260066367,0.45663733160204156,3105.827631578999,3120.01,model
SOJA,MG,2012,ridge_by_state,-0.8009005130966412,0.8229228487546323,2962.6298421052925,2987.01,model
SOJA,MS,2012,ridge_by_state,-23.740605942648582,-8.352069865431364,2782.4196315789522,2550.03,model
SOJA,MT,2012,ridge_by_state,0.41197723746368436,-2.7129090183593543,3217.2922105263424,3130.01,model
SOJA,PR,2012,ridge_by_state,-10.618192128410637,-18.885797143199557,3024.143631578998,2453.01,model
SOJA,RS,2012,ridge_by_state,-30.684815238641086,-30.62783190305366,2241.518526315813,1554.99,model
SOJA,BA,2013,baseline_trend,0.0,-32.23107574863859,3098.7801904761873,2100.01,baseline
SOJA,GO,2013,baseline_trend,0.0,-6.107573292322681,3157.8585238095256,2964.99,baseline
SOJA,MG,2013,baseline_trend,0.0,-0.19657912967633281,3015.918666666679,3009.99,baseline
SOJA,MS,2013,baseline_trend,0.0,3.934914511289775,2770.9841428571744,2880.02,baseline
SOJA,MT,2013,baseline_trend,0.0,-7.065819144968182,3238.851380952401,3010.0,baseline
SOJA,PR,2013,baseline_trend,0.0,13.577009579965654,2947.7884761904934,3348.01,baseline
SOJA,RS,2013,baseline_trend,0.0,26.95681937816264,2137.734714285718,2714.0,baseline
SOJA,BA,2013,ridge_by_state,-3.878982396525891,-32.23107574863859,3098.7801904761873,2100.01,model
SOJA,GO,2013,ridge_by_state,-5.174394877507139,-6.107573292322681,3157.8585238095256,2964.99,model
SOJA,MG,2013,ridge_by_state,-4.542280949057976,-0.19657912967633281,3015.918666666679,3009.99,model
SOJA,MS,2013,ridge_by_state,-18.998961059333485,3.934914511289775,2770.9841428571744,2880.02,model
SOJA,MT,2013,ridge_by_state,-0.19121419726022806,-7.065819144968182,3238.851380952401,3010.0,model
SOJA,PR,2013,ridge_by_state,0.9547218908945094,13.577009579965654,2947.7884761904934,3348.01,model
SOJA,RS,2013,ridge_by_state,1.7676442753145087,26.95681937816264,2137.734714285718,2714.0,model
SOJA,BA,2014,baseline_trend,0.0,-15.65448278776038,2987.710649350687,2520.0,baseline
SOJA,GO,2014,baseline_trend,0.0,-8.584142384885626,3172.3051948052016,2899.99,baseline
SOJA,MG,2014,baseline_trend,0.0,-11.80925848951447,3063.8023376623314,2701.99,baseline
SOJA,MS,2014,baseline_trend,0.0,2.81427487573671,2820.6199999999953,2900.0,baseline
SOJA,MT,2014,baseline_trend,0.0,-5.110633589589898,3234.2928571428492,3069.0,baseline
SOJA,PR,2014,baseline_trend,0.0,-3.1380293529082612,3045.5709090909077,2950.0,baseline
SOJA,RS,2014,baseline_trend,0.0,15.236467817186334,2260.5777922077978,2605.01,baseline
SOJA,BA,2014,ridge_by_state,-5.4614304347058305,-15.65448278776038,2987.710649350687,2520.0,model
SOJA,GO,2014,ridge_by_state,-4.054287977810491,-8.584142384885626,3172.3051948052016,2899.99,model
SOJA,MG,2014,ridge_by_state,-6.691083754345688,-11.80925848951447,3063.8023376623314,2701.99,model
SOJA,MS,2014,ridge_by_state,-6.975843282707393,2.81427487573671,2820.6199999999953,2900.0,model
SOJA,MT,2014,ridge_by_state,0.3126192896843248,-5.110633589589898,3234.2928571428492,3069.0,model
SOJA,PR,2014,ridge_by_state,-3.395668537810363,-3.1380293529082612,3045.5709090909077,2950.0,model
SOJA,RS,2014,ridge_by_state,-7.1325307143643055,15.236467817186334,2260.5777922077978,2605.01,model
SOJA,BA,2015,baseline_trend,0.0,-0.8445580234740463,2965.051581027714,2940.01,baseline
SOJA,GO,2015,baseline_trend,0.0,-18.227025354002134,3172.172727272744,2593.98,baseline
SOJA,MG,2015,baseline_trend,0.0,-12.419946169720102,3049.7697628458554,2670.99,baseline
SOJA,MS,2015,baseline_trend,0.0,8.881106624190629,2865.5292885375675,3120.02,baseline
SOJA,MT,2015,baseline_trend,0.0,-3.206394325585702,3239.8834387351963,3136.0,baseline
SOJA,PR,2015,baseline_trend,0.0,7.6924418858210775,3058.710474308311,3294.0,baseline
SOJA,RS,2015,baseline_trend,0.0,27.527746123489543,2345.379802371557,2991.01,baseline
SOJA,BA,2015,ridge_by_state,-1.5185111610180386,-0.8445580234740463,2965.051581027714,2940.01,model
SOJA,GO,2015,ridge_by_state,-3.5065133139688207,-18.227025354002134,3172.172727272744,2593.98,model
SOJA,MG,2015,ridge_by_state,-5.219084784198985,-12.419946169720102,3049.7697628458554,2670.99,model
SOJA,MS,2015,ridge_by_state,-14.022136595905465,8.881106624190629,2865.5292885375675,3120.02,model
SOJA,MT,2015,ridge_by_state,-1.921912008517181,-3.206394325585702,3239.8834387351963,3136.0,model
SOJA,PR,2015,ridge_by_state,-3.356061374392526,7.6924418858210775,3058.710474308311,3294.0,model
SOJA,RS,2015,ridge_by_state,-1.784345328241753,27.527746123489543,2345.379802371557,2991.01,model
SOJA,BA,2016,baseline_trend,0.0,-30.235970054641793,3014.476086956507,2103.02,baseline
SOJA,GO,2016,baseline_trend,0.0,-0.002372435353370343,3120.074021739143,3120.0,baseline
SOJA,MG,2016,baseline_trend,0.0,6.577112339038847,3031.598369565225,3230.99,baseline
SOJA,MS,2016,baseline_trend,0.0,1.3636022145599904,2939.9113043478137,2980.0,baseline
SOJA,MT,2016,baseline_trend,0.0,-11.677332931942864,3255.110036231883,2875.0,baseline
SOJA,PR,2016,baseline_trend,0.0,-1.0540739674120798,3126.647173913043,3093.69,baseline
SOJA,RS,2016,baseline_trend,0.0,19.67983518075323,2481.6294202898716,2970.01,baseline
SOJA,BA,2016,ridge_by_state,-14.825496315589767,-30.235970054641793,3014.476086956507,2103.02,model
SOJA,GO,2016,ridge_by_state,-3.2612736967731126,-0.002372435353370343,3120.074021739143,3120.0,model
SOJA,MG,2016,ridge_by_state,-4.453389883971756,6.577112339038847,3031.598369565225,3230.99,model
SOJA,MS,2016,ridge_by_state,-1.337094256188643,1.3636022145599904,2939.9113043478137,2980.0,model
SOJA,MT,2016,ridge_by_state,-3.0750780380415903,-11.677332931942864,3255.110036231883,2875.0,model
SOJA,PR,2016,ridge_by_state,-2.13559540975206,-1.0540739674120798,3126.647173913043,3093.69,model
SOJA,RS,2016,ridge_by_state,-5.281976179538542,19.67983518075323,2481.6294202898716,2970.01,model
SOJA,BA,2017,baseline_trend,0.0,10.951068018420882,2921.9907999999996,3241.98,baseline
SOJA,GO,2017,baseline_trend,0.0,7.295854707877041,3158.5469999999914,3388.99,baseline
SOJA,MG,2017,baseline_trend,0.0,12.088498372034172,3104.6717999999964,3479.98,baseline
SOJA,MS,2017,baseline_trend,0.0,14.061575920296532,2980.8372999999847,3399.99,baseline
SOJA,MT,2017,baseline_trend,0.0,2.1143909960033804,3225.794099999992,3294.0,baseline
SOJA,PR,2017,baseline_trend,0.0,20.38229202587841,3152.4486999999936,3794.99,baseline
SOJA,RS,2017,baseline_trend,0.0,30.334021973806973,2594.8712000000087,3382.0,baseline
SOJA,BA,2017,ridge_by_state,-6.48558781676026,10.951068018420882,2921.9907999999996,3241.98,model
SOJA,GO,2017,ridge_by_state,-2.9802506528524995,7.295854707877041,3158.5469999999914,3388.99,model
SOJA,MG,2017,ridge_by_state,-4.958605045082342,12.088498372034172,3104.6717999999964,3479.98,model
SOJA,MS,2017,ridge_by_state,-0.3536534983923842,14.061575920296532,2980.8372999999847,3399.99,model
SOJA,MT,2017,ridge_by_state,1.223885945770137,2.1143909960033804,3225.794099999992,3294.0,model
SOJA,PR,2017,ridge_by_state,2.4476817494495737,20.38229202587841,3152.4486999999936,3794.99,model
SOJA,RS,2017,ridge_by_state,12.401382595693597,30.334021973806973,2594.8712000000087,3382.0,model
SOJA,BA,2018,baseline_trend,0.0,31.29236100052333,3016.154153846175,3959.98,baseline
SOJA,GO,2018,baseline_trend,0.0,11.647887601595386,3232.483907692338,3609.0,baseline
SOJA,MG,2018,baseline_trend,0.0,18.86138588105361,3205.4228307692247,3810.01,baseline
SOJA,MS,2018,baseline_trend,0.0,18.04412246956267,3080.2041846154025,3636.0,baseline
SOJA,MT,2018,baseline_trend,0.0,6.853569672264147,3264.2802769230984,3488.0,baseline
SOJA,PR,2018,baseline_trend,0.0,11.758681048439454,3282.0716615384736,3668.0,baseline
SOJA,RS,2018,baseline_trend,0.0,17.180541646389074,2755.576953846161,3229.0,baseline
SOJA,BA,2018,ridge_by_state,-3.7101304513333773,31.29236100052333,3016.154153846175,3959.98,model
SOJA,GO,2018,ridge_by_state,-4.535902303556169,11.647887601595386,3232.483907692338,3609.0,model
SOJA,MG,2018,ridge_by_state,-2.300453518271111,18.86138588105361,3205.4228307692247,3810.01,model
SOJA,MS,2018,ridge_by_state,-1.9058709391868331,18.04412246956267,3080.2041846154025,3636.0,model
SOJA,MT,2018,ridge_by_state,-1.553142559155906,6.853569672264147,3264.2802769230984,3488.0,model
SOJA,PR,2018,ridge_by_state,1.0330935804172527,11.758681048439454,3282.0716615384736,3668.0,model
SOJA,RS,2018,ridge_by_state,-16.110689017503645,17.180541646389074,2755.576953846161,3229.0,model
SOJA,BA,2019,baseline_trend,0.0,6.759185264623138,3203.6494017094665,3420.19,baseline
SOJA,GO,2019,baseline_trend,0.0,4.557075803978986,3328.7178062678286,3480.41,baseline
SOJA,MG,2019,baseline_trend,0.0,2.3524298358038287,3341.2103703704342,3419.81,baseline
SOJA,MS,2019,baseline_trend,0.0,6.8307012629304245,3201.0086609686987,3419.66,baseline
SOJA,MT,2019,baseline_trend,0.0,2.159354946666066,3325.9998575498903,3397.82,baseline
SOJA,PR,2019,baseline_trend,0.0,-7.815074108324923,3375.508490028529,3111.71,baseline
SOJA,RS,2019,baseline_trend,0.0,17.641044944354345,2872.0503133903403,3378.71,baseline
SOJA,BA,2019,ridge_by_state,-4.841235913491784,6.759185264623138,3203.6494017094665,3420.19,model
SOJA,GO,2019,ridge_by_state,-4.126313891186362,4.557075803978986,3328.7178062678286,3480.41,model
SOJA,MG,2019,ridge_by_state,-3.89041036602006,2.3524298358038287,3341.2103703704342,3419.81,model
SOJA,MS,2019,ridge_by_state,-9.542359512199884,6.8307012629304245,3201.0086609686987,3419.66,model
SOJA,MT,2019,ridge_by_state,-1.5830038280714573,2.159354946666066,3325.9998575498903,3397.82,model
SOJA,PR,2019,ridge_by_state,-4.948286950276133,-7.815074108324923,3375.508490028529,3111.71,model
SOJA,RS,2019,ridge_by_state,-4.231054394154402,17.641044944354345,2872.0503133903403,3378.71,model
SOJA,BA,2020,baseline_trend,0.0,14.872476434093294,3289.7436507936363,3779.01,baseline
SOJA,GO,2020,baseline_trend,0.0,9.374656750476905,3393.830079365085,3711.99,baseline
SOJA,MG,2020,baseline_trend,0.0,10.106306733148644,3403.456269841263,3747.42,baseline
SOJA,MS,2020,baseline_trend,0.0,15.03609028066164,3275.1199999999953,3767.57,baseline
SOJA,MT,2020,baseline_trend,0.0,6.548384352284514,3366.6113492063378,3587.07,baseline
SOJA,PR,2020,baseline_trend,0.0,16.215510752979263,3377.1481746031786,3924.77,baseline
SOJA,RS,2020,baseline_trend,0.0,-35.24847800900109,2994.5242063492187,1939.0,baseline
SOJA,BA,2020,ridge_by_state,0.7665477890406702,14.872476434093294,3289.7436507936363,3779.01,model
SOJA,GO,2020,ridge_by_state,-1.561755158359354,9.374656750476905,3393.830079365085,3711.99,model
SOJA,MG,2020,ridge_by_state,-1.5683037765741197,10.106306733148644,3403.456269841263,3747.42,model
SOJA,MS,2020,ridge_by_state,-15.787713092836883,15.03609028066164,3275.1199999999953,3767.57,model
SOJA,MT,2020,ridge_by_state,-4.091351512397678,6.548384352284514,3366.6113492063378,3587.07,model
SOJA,PR,2020,ridge_by_state,-14.317315373124636,16.215510752979263,3377.1481746031786,3924.77,model
SOJA,RS,2020,ridge_by_state,-41.93415283613962,-35.24847800900109,2994.5242063492187,1939.0,model
SOJA,BA,2021,baseline_trend,0.0,17.750539783303363,3413.988596059091,4019.99,baseline
SOJA,GO,2021,baseline_trend,0.0,5.447956990489043,3482.277044334958,3671.99,baseline
SOJA,MG,2021,baseline_trend,0.0,5.552959824089817,3502.4977093595953,3696.99,baseline
SOJA,MS,2021,baseline_trend,0.0,7.157557411470361,3387.5352216748433,3630.0,baseline
SOJA,MT,2021,baseline_trend,0.0,1.6656953921424216,3427.901600985213,3485.0,baseline
SOJA,PR,2021,baseline_trend,0.0,1.2874240291895511,3490.058152709331,3534.99,baseline
SOJA,RS,2021,baseline_trend,0.0,18.266248253463765,2902.7723891625647,3433.0,baseline
SOJA,BA,2021,ridge_by_state,-3.5826301118910036,17.750539783303363,3413.988596059091,4019.99,model
SOJA,GO,2021,ridge_by_state,-2.7254509411849015,5.447956990489043,3482.277044334958,3671.99,model
SOJA,MG,2021,ridge_by_state,-5.2421399038804655,5.552959824089817,3502.4977093595953,3696.99,model
SOJA,MS,2021,ridge_by_state,-11.495237861938257,7.157557411470361,3387.5352216748433,3630.0,model
SOJA,MT,2021,ridge_by_state,-1.6954671695617196,1.6656953921424216,3427.901600985213,3485.0,model
SOJA,PR,2021,ridge_by_state,-0.8571881324448342,1.2874240291895511,3490.058152709331,3534.99,model
SOJA,RS,2021,ridge_by_state,-7.953209170641071,18.266248253463765,2902.7723891625647,3433.0,model
SOJA,BA,2022,baseline_trend,0.0,8.16043096564038,3554.9229655172676,3845.02,baseline
SOJA,GO,2022,baseline_trend,0.0,13.241903908950311,3554.3291494252917,4024.99,baseline
SOJA,MG,2022,baseline_trend,0.0,7.218334923001302,3582.4003448275907,3840.99,baseline
SOJA,MS,2022,baseline_trend,0.0,-23.06224163627976,3467.7511494253413,2668.01,baseline
SOJA,MT,2022,baseline_trend,0.0,11.277163791348718,3467.9172873563293,3859.0,baseline
SOJA,PR,2022,baseline_trend,0.0,-34.29834664942106,3537.201701149461,2324.0,baseline
SOJA,RS,2022,baseline_trend,0.0,-45.66274924041019,3020.0276551724237,1641.0,baseline
SOJA,BA,2022,ridge_by_state,-5.478963849716328,8.16043096564038,3554.9229655172676,3845.02,model
SOJA,GO,2022,ridge_by_state,-1.1781244044821293,13.241903908950311,3554.3291494252917,4024.99,model
SOJA,MG,2022,ridge_by_state,-0.6317917114105961,7.218334923001302,3582.4003448275907,3840.99,model
SOJA,MS,2022,ridge_by_state,-8.806255661159804,-23.06224163627976,3467.7511494253413,2668.01,model
SOJA,MT,2022,ridge_by_state,1.0427635406306597,11.277163791348718,3467.9172873563293,3859.0,model
SOJA,PR,2022,ridge_by_state,-3.7695747935232844,-34.29834664942106,3537.201701149461,2324.0,model
SOJA,RS,2022,ridge_by_state,-14.44432392252287,-45.66274924041019,3020.0276551724237,1641.0,model
SOJA,BA,2023,baseline_trend,0.0,11.33906127975509,3656.3987096774945,4071.0,baseline
SOJA,GO,2023,baseline_trend,0.0,7.615788392540565,3663.0405806451745,3942.01,baseline
SOJA,MG,2023,baseline_trend,0.0,5.339105503944094,3670.991870967817,3866.99,baseline
SOJA,MS,2023,baseline_trend,0.0,11.59866667069693,3414.0103225806815,3809.99,baseline
SOJA,MT,2023,baseline_trend,0.0,9.288524447859746,3551.150516129055,3881.0,baseline
SOJA,PR,2023,baseline_trend,0.0,15.514088284766009,3422.1020645161625,3953.01,baseline
SOJA,RS,2023,baseline_trend,0.0,-24.79429105404682,2892.0676774193707,2175.0,baseline
SOJA,BA,2023,ridge_by_state,-5.2424103416883705,11.33906127975509,3656.3987096774945,4071.0,model
SOJA,GO,2023,ridge_by_state,1.0745362291606364,7.615788392540565,3663.0405806451745,3942.01,model
SOJA,MG,2023,ridge_by_state,0.7575430109649571,5.339105503944094,3670.991870967817,3866.99,model
SOJA,MS,2023,ridge_by_state,3.6372189205688876,11.59866667069693,3414.0103225806815,3809.99,model
SOJA,MT,2023,ridge_by_state,3.110527673267744,9.288524447859746,3551.150516129055,3881.0,model
SOJA,PR,2023,ridge_by_state,6.242074358881529,15.514088284766009,3422.1020645161625,3953.01,model
SOJA,RS,2023,ridge_by_state,-36.73395623216977,-24.79429105404682,2892.0676774193707,2175.0,model
SOJA,BA,2024,baseline_trend,0.0,1.4037447606669806,3774.0223588709487,3827.0,baseline
SOJA,GO,2024,baseline_trend,0.0,-6.982066805369704,3748.7394959677476,3487.0,baseline
SOJA,MG,2024,baseline_trend,0.0,-8.829051543317982,3752.280806451643,3420.99,baseline
SOJA,MS,2024,baseline_trend,0.0,-13.087406573806938,3508.1222177419404,3049.0,baseline
SOJA,MT,2024,baseline_trend,0.0,-9.965989364807374,3627.5180645161454,3266.0,baseline
SOJA,PR,2024,baseline_trend,0.0,-6.119967847889629,3522.5701612903213,3306.99,baseline
SOJA,RS,2024,baseline_trend,0.0,9.596717751764714,2844.072399193552,3117.01,baseline
SOJA,BA,2024,ridge_by_state,-7.698028013290503,1.4037447606669806,3774.0223588709487,3827.0,model
SOJA,GO,2024,ridge_by_state,-3.470452278351916,-6.982066805369704,3748.7394959677476,3487.0,model
SOJA,MG,2024,ridge_by_state,-6.43074293328604,-8.829051543317982,3752.280806451643,3420.99,model
SOJA,MS,2024,ridge_by_state,-17.448261535539828,-13.087406573806938,3508.1222177419404,3049.0,model
SOJA,MT,2024,ridge_by_state,-9.003774335132437,-9.965989364807374,3627.5180645161454,3266.0,model
SOJA,PR,2024,ridge_by_state,-21.92358180588907,-6.119967847889629,3522.5701612903213,3306.99,model
SOJA,RS,2024,ridge_by_state,-13.264947564660444,9.596717751764714,2844.072399193552,3117.01,model
SOJA,BA,2025,baseline_trend,0.0,7.6241251130905185,3848.598068181833,4142.02,baseline
SOJA,GO,2025,baseline_trend,0.0,10.971794658808687,3769.426287878785,4183.0,baseline
SOJA,MG,2025,baseline_trend,0.0,5.171656664536878,3770.0271401515056,3965.0,baseline
SOJA,MS,2025,baseline_trend,0.0,-4.58188036757429,3499.3353598484828,3339.0,baseline
SOJA,MT,2025,baseline_trend,0.0,11.248953979699307,3620.708200757581,4028.0,baseline
SOJA,PR,2025,baseline_trend,0.0,5.813955875380043,3533.5603598484886,3739.0,baseline
SOJA,RS,2025,baseline_trend,0.0,-19.648876780402027,2914.7196780303057,2342.01,baseline
SOJA,BA,2025,ridge_by_state,-2.777424719039944,7.6241251130905185,3848.598068181833,4142.02,model
SOJA,GO,2025,ridge_by_state,-3.599324479051208,10.971794658808687,3769.426287878785,4183.0,model
SOJA,MG,2025,ridge_by_state,-7.917509368377953,5.171656664536878,3770.0271401515056,3965.0,model
SOJA,MS,2025,ridge_by_state,-8.734471058153332,-4.58188036757429,3499.3353598484828,3339.0,model
SOJA,MT,2025,ridge_by_state,0.5457809195462008,11.248953979699307,3620.708200757581,4028.0,model
SOJA,PR,2025,ridge_by_state,-9.499187569773298,5.813955875380043,3533.5603598484886,3739.0,model
SOJA,RS,2025,ridge_by_state,-27.8793406208779,-19.648876780402027,2914.7196780303057,2342.01,model
MILHO 2A SAFRA,BA,2003,baseline_trend,0.0,-6.403329349152735,854.5923636363441,799.87,baseline
MILHO 2A SAFRA,GO,2003,baseline_trend,0.0,22.771791634267117,3420.981272727251,4200.0,baseline
MILHO 2A SAFRA,MS,2003,baseline_trend,0.0,54.23410912529295,2625.852363636368,4049.96,baseline
MILHO 2A SAFRA,MT,2003,baseline_trend,0.0,29.549277261878842,2693.229999999923,3489.06,baseline
MILHO 2A SAFRA,PR,2003,baseline_trend,0.0,79.04522130327709,2278.765090909088,4080.02,baseline
MILHO 2A SAFRA,BA,2003,ridge_pooled,4.2609205995976795,-6.403329349152735,854.5923636363441,799.87,model
MILHO 2A SAFRA,GO,2003,ridge_pooled,-1.8530703347286521,22.771791634267117,3420.981272727251,4200.0,model
MILHO 2A SAFRA,MS,2003,ridge_pooled,-15.365360117917477,54.23410912529295,2625.852363636368,4049.96,model
MILHO 2A SAFRA,MT,2003,ridge_pooled,1.6971764769435524,29.549277261878842,2693.229999999923,3489.06,model
MILHO 2A SAFRA,PR,2003,ridge_pooled,-19.862620998654936,79.04522130327709,2278.765090909088,4080.02,model
MILHO 2A SAFRA,BA,2004,baseline_trend,0.0,-15.158208685496607,865.2457575757362,734.09,baseline
MILHO 2A SAFRA,GO,2004,baseline_trend,0.0,15.097466760117323,3795.140000000072,4368.11,baseline
MILHO 2A SAFRA,MS,2004,baseline_trend,0.0,6.448024519446796,3213.7750000001397,3421.0,baseline
MILHO 2A SAFRA,MT,2004,baseline_trend,0.0,11.334727129936319,3071.763939393917,3419.94,baseline
MILHO 2A SAFRA,PR,2004,baseline_trend,0.0,14.9280621816297,2914.901666666643,3350.04,baseline
MILHO 2A SAFRA,BA,2004,ridge_pooled,4.433277052400966,-15.158208685496607,865.2457575757362,734.09,model
MILHO 2A SAFRA,GO,2004,ridge_pooled,17.67850630732674,15.097466760117323,3795.140000000072,4368.11,model
MILHO 2A SAFRA,MS,2004,ridge_pooled,7.133108326817612,6.448024519446796,3213.7750000001397,3421.0,model
MILHO 2A SAFRA,MT,2004,ridge_pooled,0.07712895843644801,11.334727129936319,3071.763939393917,3419.94,model
MILHO 2A SAFRA,PR,2004,ridge_pooled,8.641464591348484,14.9280621816297,2914.901666666643,3350.04,model
MILHO 2A SAFRA,BA,2005,baseline_trend,0.0,26.79768078190871,851.6796153846371,1079.91,baseline
MILHO 2A SAFRA,GO,2005,baseline_trend,0.0,-14.351137548180182,4115.886538461666,3525.21,baseline
MILHO 2A SAFRA,MS,2005,baseline_trend,0.0,-42.53714232643597,3445.530000000086,1979.9,baseline
MILHO 2A SAFRA,MT,2005,baseline_trend,0.0,-5.1978203021411185,3322.7611538462806,3150.05,baseline
MILHO 2A SAFRA,PR,2005,baseline_trend,0.0,-29.89445658017283,3153.7876923077856,2210.98,baseline
MILHO 2A SAFRA,BA,2005,ridge_pooled,4.718562833967185,26.79768078190871,851.6796153846371,1079.91,model
MILHO 2A SAFRA,GO,2005,ridge_pooled,-25.365704441570138,-14.351137548180182,4115.886538461666,3525.21,model
MILHO 2A SAFRA,MS,2005,ridge_pooled,-18.091164717221247,-42.53714232643597,3445.530000000086,1979.9,model
MILHO 2A SAFRA,MT,2005,ridge_pooled,-9.133955473480093,-5.1978203021411185,3322.7611538462806,3150.05,model
MILHO 2A SAFRA,PR,2005,ridge_pooled,-5.034702197950246,-29.89445658017283,3153.7876923077856,2210.98,model
MILHO 2A SAFRA,BA,2006,baseline_trend,0.0,31.4850480006027,939.3539560439895,1235.11,baseline
MILHO 2A SAFRA,GO,2006,baseline_trend,0.0,-2.6872670593161017,4110.459010988998,4000.0,baseline
MILHO 2A SAFRA,MS,2006,baseline_trend,0.0,3.0739712066700178,3201.603626373573,3300.02,baseline
MILHO 2A SAFRA,MT,2006,baseline_trend,0.0,13.744050326469253,3428.759560439561,3900.01,baseline
MILHO 2A SAFRA,PR,2006,baseline_trend,0.0,16.5207596275512,3003.7565934065788,3500.0,baseline
MILHO 2A SAFRA,BA,2006,ridge_pooled,16.726187522631335,31.4850480006027,939.3539560439895,1235.11,model
MILHO 2A SAFRA,GO,2006,ridge_pooled,-0.20621864400164508,-2.6872670593161017,4110.459010988998,4000.0,model
MILHO 2A SAFRA,MS,2006,ridge_pooled,-12.940796659320046,3.0739712066700178,3201.603626373573,3300.02,model
MILHO 2A SAFRA,MT,2006,ridge_pooled,2.022905144248257,13.744050326469253,3428.759560439561,3900.01,model
MILHO 2A SAFRA,PR,2006,ridge_pooled,-22.83256074933042,16.5207596275512,3003.7565934065788,3500.0,model
MILHO 2A SAFRA,BA,2007,baseline_trend,0.0,18.88365006949772,1047.2087619047816,1244.96,baseline
MILHO 2A SAFRA,GO,2007,baseline_trend,0.0,-10.939040521692924,4227.463999999978,3765.02,baseline
MILHO 2A SAFRA,MG,2007,baseline_trend,0.0,-28.904546595136704,4614.838000000105,3280.94,baseline
MILHO 2A SAFRA,MS,2007,baseline_trend,0.0,-3.8936558659627494,3360.7979047619156,3229.94,baseline
MILHO 2A SAFRA,MT,2007,baseline_trend,0.0,-3.6402740510588636,3704.8361904761405,3569.97,baseline
MILHO 2A SAFRA,PR,2007,baseline_trend,0.0,7.480166186912207,3228.4933333332883,3469.99,baseline
MILHO 2A SAFRA,BA,2007,ridge_pooled,-12.916192735847595,18.88365006949772,1047.2087619047816,1244.96,model
MILHO 2A SAFRA,GO,2007,ridge_pooled,-16.66974031062174,-10.939040521692924,4227.463999999978,3765.02,model
MILHO 2A SAFRA,MG,2007,ridge_pooled,-17.2030392848807,-28.904546595136704,4614.838000000105,3280.94,model
MILHO 2A SAFRA,MS,2007,ridge_pooled,-12.596917592656052,-3.8936558659627494,3360.7979047619156,3229.94,model
MILHO 2A SAFRA,MT,2007,ridge_pooled,-12.139758806128317,-3.6402740510588636,3704.8361904761405,3569.97,model
MILHO 2A SAFRA,PR,2007,ridge_pooled,-5.2266604570647415,7.480166186912207,3228.4933333332883,3469.99,model
MILHO 2A SAFRA,BA,2008,baseline_trend,0.0,24.876106218121702,1133.0270000000019,1414.88,baseline
MILHO 2A SAFRA,GO,2008,baseline_trend,0.0,9.741573493782267,4255.55224999995,4670.11,baseline
MILHO 2A SAFRA,MG,2008,baseline_trend,0.0,22.584050268741883,4444.591272727179,5448.36,baseline
MILHO 2A SAFRA,MS,2008,baseline_trend,0.0,-6.020618631115534,3463.4937500000233,3254.97,baseline
MILHO 2A SAFRA,MT,2008,baseline_trend,0.0,10.531607697080018,3833.310750000004,4237.02,baseline
MILHO 2A SAFRA,PR,2008,baseline_trend,0.0,3.927927768649537,3393.678749999992,3526.98,baseline
MILHO 2A SAFRA,BA,2008,ridge_pooled,2.9159186604632006,24.876106218121702,1133.0270000000019,1414.88,model
MILHO 2A SAFRA,GO,2008,ridge_pooled,8.346201817694363,9.741573493782267,4255.55224999995,4670.11,model
MILHO 2A SAFRA,MG,2008,ridge_pooled,10.384651977357283,22.584050268741883,4444.591272727179,5448.36,model
MILHO 2A SAFRA,MS,2008,ridge_pooled,-5.577412482815076,-6.020618631115534,3463.4937500000233,3254.97,model
MILHO 2A SAFRA,MT,2008,ridge_pooled,-4.875472653927951,10.531607697080018,3833.310750000004,4237.02,model
MILHO 2A SAFRA,PR,2008,ridge_pooled,2.7877945347392936,3.927927768649537,3393.678749999992,3526.98,model
MILHO 2A SAFRA,BA,2009,baseline_trend,0.0,21.76313871478367,1240.0879411764618,1509.97,baseline
MILHO 2A SAFRA,GO,2009,baseline_trend,0.0,1.8351667038388408,4486.59352941165,4568.93,baseline
MILHO 2A SAFRA,MG,2009,baseline_trend,0.0,12.795911132367655,5033.3562121214345,5677.42,baseline
MILHO 2A SAFRA,MS,2009,baseline_trend,0.0,-40.22898112095399,3546.9530882352556,2120.05,baseline
MILHO 2A SAFRA,MT,2009,baseline_trend,0.0,22.396546803589995,4087.5172794117243,5002.98,baseline
MILHO 2A SAFRA,PR,2009,baseline_trend,0.0,-14.460701406991713,3535.182132352871,3023.97,baseline
MILHO 2A SAFRA,BA,2009,ridge_pooled,8.975129525937335,21.76313871478367,1240.0879411764618,1509.97,model
MILHO 2A SAFRA,GO,2009,ridge_pooled,-8.333131795631806,1.8351667038388408,4486.59352941165,4568.93,model
MILHO 2A SAFRA,MG,2009,ridge_pooled,7.4707355143220955,12.795911132367655,5033.3562121214345,5677.42,model
MILHO 2A SAFRA,MS,2009,ridge_pooled,0.18385841625900295,-40.22898112095399,3546.9530882352556,2120.05,model
MILHO 2A SAFRA,MT,2009,ridge_pooled,2.169967155596105,22.396546803589995,4087.5172794117243,5002.98,model
MILHO 2A SAFRA,PR,2009,ridge_pooled,4.490855542706309,-14.460701406991713,3535.182132352871,3023.97,model
MILHO 2A SAFRA,BA,2010,baseline_trend,0.0,37.567225801111306,1346.3308496732352,1852.11,baseline
MILHO 2A SAFRA,GO,2010,baseline_trend,0.0,6.5335516728814245,4646.517385621031,4950.1,baseline
MILHO 2A SAFRA,MG,2010,baseline_trend,0.0,8.08224623882711,5524.311538461596,5970.8,baseline
MILHO 2A SAFRA,MS,2010,baseline_trend,0.0,20.596782124028813,3358.2985620916006,4050.0,baseline
MILHO 2A SAFRA,MT,2010,baseline_trend,0.0,-9.221569029304293,4458.085424836667,4046.98,baseline
MILHO 2A SAFRA,PR,2010,baseline_trend,0.0,37.225382107638985,3534.331568627502,4850.0,baseline
MILHO 2A SAFRA,BA,2010,ridge_pooled,-4.757217480772292,37.567225801111306,1346.3308496732352,1852.11,model
MILHO 2A SAFRA,GO,2010,ridge_pooled,-13.500066909535843,6.5335516728814245,4646.517385621031,4950.1,model
MILHO 2A SAFRA,MG,2010,ridge_pooled,-6.476253133516835,8.08224623882711,5524.311538461596,5970.8,model
MILHO 2A SAFRA,MS,2010,ridge_pooled,-10.334963361198167,20.596782124028813,3358.2985620916006,4050.0,model
MILHO 2A SAFRA,MT,2010,ridge_pooled,-11.755722983560975,-9.221569029304293,4458.085424836667,4046.98,model
MILHO 2A SAFRA,PR,2010,ridge_pooled,-1.8628221553967315,37.225382107638985,3534.331568627502,4850.0,model
MILHO 2A SAFRA,BA,2011,baseline_trend,0.0,-31.57068521536305,1503.8145614034875,1029.05,baseline
MILHO 2A SAFRA,GO,2011,baseline_trend,0.0,11.259071269050043,4853.500877192884,5399.96,baseline
MILHO 2A SAFRA,MG,2011,baseline_trend,0.0,-4.013051182753131,5965.894395604613,5726.48,baseline
MILHO 2A SAFRA,MS,2011,baseline_trend,0.0,-8.795766387978889,3607.3215789473616,3290.03,baseline
MILHO 2A SAFRA,MT,2011,baseline_trend,0.0,-13.276740788318056,4554.729649122688,3950.01,baseline
MILHO 2A SAFRA,PR,2011,baseline_trend,0.0,-7.792343970425322,3915.0978947367694,3610.02,baseline
MILHO 2A SAFRA,BA,2011,ridge_pooled,-2.6056243085938906,-31.57068521536305,1503.8145614034875,1029.05,model
MILHO 2A SAFRA,GO,2011,ridge_pooled,1.3286165729090085,11.259071269050043,4853.500877192884,5399.96,model
MILHO 2A SAFRA,MG,2011,ridge_pooled,6.498098371273973,-4.013051182753131,5965.894395604613,5726.48,model
MILHO 2A SAFRA,MS,2011,ridge_pooled,-0.27303714442974913,-8.795766387978889,3607.3215789473616,3290.03,model
MILHO 2A SAFRA,MT,2011,ridge_pooled,-1.4192745962612916,-13.276740788318056,4554.729649122688,3950.01,model
MILHO 2A SAFRA,PR,2011,ridge_pooled,1.0734644006701952,-7.792343970425322,3915.0978947367694,3610.02,model
MILHO 2A SAFRA,BA,2012,baseline_trend,0.0,-14.822447803144275,1467.8515263158188,1250.28,baseline
MILHO 2A SAFRA,GO,2012,baseline_trend,0.0,18.24408172758281,5110.65747368423,6043.05,baseline
MILHO 2A SAFRA,MG,2012,baseline_trend,0.0,-10.926176487821468,6228.822095238138,5548.25,baseline
MILHO 2A SAFRA,MS,2012,baseline_trend,0.0,39.414432897608705,3658.186526315869,5100.04,baseline
MILHO 2A SAFRA,MT,2012,baseline_trend,0.0,23.197606043674295,4610.487315789564,5680.01,baseline
MILHO 2A SAFRA,PR,2012,baseline_trend,0.0,26.325090945197587,3978.63952631579,5026.02,baseline
MILHO 2A SAFRA,BA,2012,ridge_pooled,-12.404545861287655,-14.822447803144275,1467.8515263158188,1250.28,model
MILHO 2A SAFRA,GO,2012,ridge_pooled,-2.863113563553151,18.24408172758281,5110.65747368423,6043.05,model
MILHO 2A SAFRA,MG,2012,ridge_pooled,-1.4479680177374372,-10.926176487821468,6228.822095238138,5548.25,model
MILHO 2A SAFRA,MS,2012,ridge_pooled,-3.781761880161502,39.414432897608705,3658.186526315869,5100.04,model
MILHO 2A SAFRA,MT,2012,ridge_pooled,-3.0375080582074587,23.197606043674295,4610.487315789564,5680.01,model
MILHO 2A SAFRA,PR,2012,ridge_pooled,-3.543024700815226,26.325090945197587,3978.63952631579,5026.02,model
MILHO 2A SAFRA,BA,2013,baseline_trend,0.0,40.05250853162057,1478.6168571428716,2070.84,baseline
MILHO 2A SAFRA,GO,2013,baseline_trend,0.0,5.511694004175053,5443.927380952402,5743.98,baseline
MILHO 2A SAFRA,MG,2013,baseline_trend,0.0,-18.48313618449308,6379.465249999892,5200.34,baseline
MILHO 2A SAFRA,MS,2013,baseline_trend,0.0,26.155940616101446,4042.6158095238206,5100.0,baseline
MILHO 2A SAFRA,MT,2013,baseline_trend,0.0,16.011407386967374,4982.268666666758,5780.0,baseline
MILHO 2A SAFRA,PR,2013,baseline_trend,0.0,12.46180003285795,4298.3395238095545,4833.99,baseline
MILHO 2A SAFRA,BA,2013,ridge_pooled,-2.6487723256331623,40.05250853162057,1478.6168571428716,2070.84,model
MILHO 2A SAFRA,GO,2013,ridge_pooled,-10.282072972798154,5.511694004175053,5443.927380952402,5743.98,model
MILHO 2A SAFRA,MG,2013,ridge_pooled,3.4299479992300936,-18.48313618449308,6379.465249999892,5200.34,model
MILHO 2A SAFRA,MS,2013,ridge_pooled,0.8012156679541046,26.155940616101446,4042.6158095238206,5100.0,model
MILHO 2A SAFRA,MT,2013,ridge_pooled,-1.8976206855370297,16.011407386967374,4982.268666666758,5780.0,model
MILHO 2A SAFRA,PR,2013,ridge_pooled,4.299884973929622,12.46180003285795,4298.3395238095545,4833.99,model
MILHO 2A SAFRA,BA,2014,baseline_trend,0.0,60.78064722923357,1635.6757142857386,2629.85,baseline
MILHO 2A SAFRA,GO,2014,baseline_trend,0.0,8.184182327007058,5666.262727272755,6130.0,baseline
MILHO 2A SAFRA,MG,2014,baseline_trend,0.0,-17.83588761060081,6407.797573529533,5264.91,baseline
MILHO 2A SAFRA,MS,2014,baseline_trend,0.0,17.799183714577772,4363.383376623446,5140.03,baseline
MILHO 2A SAFRA,MT,2014,baseline_trend,0.0,2.782619977512321,5309.263376623334,5457.0,baseline
MILHO 2A SAFRA,PR,2014,baseline_trend,0.0,18.9970667247357,4529.531818181858,5390.01,baseline
MILHO 2A SAFRA,BA,2014,ridge_pooled,-0.49088976328216605,60.78064722923357,1635.6757142857386,2629.85,model
MILHO 2A SAFRA,GO,2014,ridge_pooled,-3.9091592416959835,8.184182327007058,5666.262727272755,6130.0,model
MILHO 2A SAFRA,MG,2014,ridge_pooled,-4.286647529326807,-17.83588761060081,6407.797573529533,5264.91,model
MILHO 2A SAFRA,MS,2014,ridge_pooled,1.7906553504810723,17.799183714577772,4363.383376623446,5140.03,model
MILHO 2A SAFRA,MT,2014,ridge_pooled,-1.99908696581578,2.782619977512321,5309.263376623334,5457.0,model
MILHO 2A SAFRA,PR,2014,ridge_pooled,5.374046776793639,18.9970667247357,4529.531818181858,5390.01,model
MILHO 2A SAFRA,BA,2015,baseline_trend,0.0,-2.8472114016992536,1864.9799209486519,1811.88,baseline
MILHO 2A SAFRA,GO,2015,baseline_trend,0.0,11.147534248060683,5918.250948616769,6577.99,baseline
MILHO 2A SAFRA,MG,2015,baseline_trend,0.0,-14.470433994945104,6436.476013072068,5505.09,baseline
MILHO 2A SAFRA,MS,2015,baseline_trend,0.0,21.564656019356306,4639.506403162086,5640.0,baseline
MILHO 2A SAFRA,MT,2015,baseline_trend,0.0,9.583895323379625,5526.36861660087,6056.01,baseline
MILHO 2A SAFRA,PR,2015,baseline_trend,0.0,21.178385046582836,4819.33308300405,5839.99,baseline
MILHO 2A SAFRA,BA,2015,ridge_pooled,4.108260650429201,-2.8472114016992536,1864.9799209486519,1811.88,model
MILHO 2A SAFRA,GO,2015,ridge_pooled,9.082326015051136,11.147534248060683,5918.250948616769,6577.99,model
MILHO 2A SAFRA,MG,2015,ridge_pooled,9.730346325574278,-14.470433994945104,6436.476013072068,5505.09,model
MILHO 2A SAFRA,MS,2015,ridge_pooled,-4.251461509259689,21.564656019356306,4639.506403162086,5640.0,model
MILHO 2A SAFRA,MT,2015,ridge_pooled,-4.644854862287816,9.583895323379625,5526.36861660087,6056.01,model
MILHO 2A SAFRA,PR,2015,ridge_pooled,-1.673380329027777,21.178385046582836,4819.33308300405,5839.99,model
MILHO 2A SAFRA,BA,2016,baseline_trend,0.0,3.3711915549707117,1923.3405072463793,1988.18,baseline
MILHO 2A SAFRA,GO,2016,baseline_trend,0.0,-42.99394341783866,6204.586340579845,3536.99,baseline
MILHO 2A SAFRA,MG,2016,baseline_trend,0.0,-59.94308805391425,6502.997543859703,2604.9,baseline
MILHO 2A SAFRA,MS,2016,baseline_trend,0.0,-17.06544905632473,4955.751195652236,4110.03,baseline
MILHO 2A SAFRA,MT,2016,baseline_trend,0.0,-24.272597657663397,5807.65992753621,4397.99,baseline
MILHO 2A SAFRA,PR,2016,baseline_trend,0.0,1.4409858758531056,5138.948478260892,5213.0,baseline
MILHO 2A SAFRA,BA,2016,ridge_pooled,-18.561311985745597,3.3711915549707117,1923.3405072463793,1988.18,model
MILHO 2A SAFRA,GO,2016,ridge_pooled,-22.04864605682675,-42.99394341783866,6204.586340579845,3536.99,model
MILHO 2A SAFRA,MG,2016,ridge_pooled,-14.197762123570017,-59.94308805391425,6502.997543859703,2604.9,model
MILHO 2A SAFRA,MS,2016,ridge_pooled,-0.20280153598223882,-17.06544905632473,4955.751195652236,4110.03,model
MILHO 2A SAFRA,MT,2016,ridge_pooled,-20.757408724322655,-24.272597657663397,5807.65992753621,4397.99,model
MILHO 2A SAFRA,PR,2016,ridge_pooled,5.244289383701703,1.4409858758531056,5138.948478260892,5213.0,model
MILHO 2A SAFRA,BA,2017,baseline_trend,0.0,-4.111909131518786,2000.3943999999901,1918.14,baseline
MILHO 2A SAFRA,GO,2017,baseline_trend,0.0,0.6585214685829671,5960.747200000042,6000.0,baseline
MILHO 2A SAFRA,MG,2017,baseline_trend,0.0,-19.248900569764906,5971.274736842257,4821.87,baseline
MILHO 2A SAFRA,MS,2017,baseline_trend,0.0,9.640552452012798,4979.9366000000155,5460.03,baseline
MILHO 2A SAFRA,MT,2017,baseline_trend,0.0,7.466111196734934,5780.42690000002,6212.0,baseline
MILHO 2A SAFRA,PR,2017,baseline_trend,0.0,2.7393004045632616,5310.5092000000295,5455.98,baseline
MILHO 2A SAFRA,BA,2017,ridge_pooled,-7.088290292175039,-4.111909131518786,2000.3943999999901,1918.14,model
MILHO 2A SAFRA,GO,2017,ridge_pooled,-6.059243810543055,0.6585214685829671,5960.747200000042,6000.0,model
MILHO 2A SAFRA,MG,2017,ridge_pooled,-10.184666536099478,-19.248900569764906,5971.274736842257,4821.87,model
MILHO 2A SAFRA,MS,2017,ridge_pooled,0.9907983131536323,9.640552452012798,4979.9366000000155,5460.03,model
MILHO 2A SAFRA,MT,2017,ridge_pooled,-3.3477174329205046,7.466111196734934,5780.42690000002,6212.0,model
MILHO 2A SAFRA,PR,2017,ridge_pooled,0.8462384737235628,2.7393004045632616,5310.5092000000295,5455.98,model
MILHO 2A SAFRA,BA,2018,baseline_trend,0.0,-57.42908270882637,2055.017969230801,874.84,baseline
MILHO 2A SAFRA,GO,2018,baseline_trend,0.0,-15.103632597102553,6125.138400000054,5200.02,baseline
MILHO 2A SAFRA,MG,2018,baseline_trend,0.0,-16.206610757807834,5944.550095238141,4981.14,baseline
MILHO 2A SAFRA,MS,2018,baseline_trend,0.0,-29.209371126464838,5205.491261538467,3685.0,baseline
MILHO 2A SAFRA,MT,2018,baseline_trend,0.0,-2.8536311245033796,6032.124584615405,5859.99,baseline
MILHO 2A SAFRA,PR,2018,baseline_trend,0.0,-22.269102641639524,5493.2853538461495,4269.98,baseline
MILHO 2A SAFRA,BA,2018,ridge_pooled,-4.6343782437116845,-57.42908270882637,2055.017969230801,874.84,model
MILHO 2A SAFRA,GO,2018,ridge_pooled,-14.60996732271069,-15.103632597102553,6125.138400000054,5200.02,model
MILHO 2A SAFRA,MG,2018,ridge_pooled,-9.81228819431765,-16.206610757807834,5944.550095238141,4981.14,model
MILHO 2A SAFRA,MS,2018,ridge_pooled,-12.391543774147902,-29.209371126464838,5205.491261538467,3685.0,model
MILHO 2A SAFRA,MT,2018,ridge_pooled,-2.704872059602489,-2.8536311245033796,6032.124584615405,5859.99,model
MILHO 2A SAFRA,PR,2018,ridge_pooled,-15.442963257316094,-22.269102641639524,5493.2853538461495,4269.98,model
MILHO 2A SAFRA,BA,2019,baseline_trend,0.0,-39.51514678771792,1946.7518518518918,1177.49,baseline
MILHO 2A SAFRA,GO,2019,baseline_trend,0.0,9.32974919444535,6146.771623931825,6720.25,baseline
MILHO 2A SAFRA,MG,2019,baseline_trend,0.0,17.5529105194463,5946.666883116937,6990.48,baseline
MILHO 2A SAFRA,MS,2019,baseline_trend,0.0,-1.8740307741856885,5136.030797720945,5039.78,baseline
MILHO 2A SAFRA,MT,2019,baseline_trend,0.0,2.912324162944185,6195.613646723796,6376.05,baseline
MILHO 2A SAFRA,PR,2019,baseline_trend,0.0,9.688259313500799,5473.694301994459,6004.0,baseline
MILHO 2A SAFRA,BA,2019,ridge_pooled,4.122499911252153,-39.51514678771792,1946.7518518518918,1177.49,model
MILHO 2A SAFRA,GO,2019,ridge_pooled,1.1968808016073222,9.32974919444535,6146.771623931825,6720.25,model
MILHO 2A SAFRA,MG,2019,ridge_pooled,6.103733918294144,17.5529105194463,5946.666883116937,6990.48,model
MILHO 2A SAFRA,MS,2019,ridge_pooled,-7.294937620978856,-1.8740307741856885,5136.030797720945,5039.78,model
MILHO 2A SAFRA,MT,2019,ridge_pooled,-5.717054944732101,2.912324162944185,6195.613646723796,6376.05,model
MILHO 2A SAFRA,PR,2019,ridge_pooled,-8.940780711862155,9.688259313500799,5473.694301994459,6004.0,model
MILHO 2A SAFRA,GO,2020,baseline_trend,0.0,-0.258817992187334,6380.042698412726,6363.53,baseline
MILHO 2A SAFRA,MG,2020,baseline_trend,0.0,0.4714283880603287,6294.058023715217,6323.73,baseline
MILHO 2A SAFRA,MS,2020,baseline_trend,0.0,-10.748378912044702,5266.010793650756,4700.0,baseline
MILHO 2A SAFRA,MT,2020,baseline_trend,0.0,-0.2576777273436449,6409.014603174583,6392.5,baseline
MILHO 2A SAFRA,PR,2020,baseline_trend,0.0,-12.086240731570589,5701.382857142773,5012.3,baseline
MILHO 2A SAFRA,GO,2020,ridge_pooled,-8.31312056128475,-0.258817992187334,6380.042698412726,6363.53,model
MILHO 2A SAFRA,MG,2020,ridge_pooled,-7.180441468461397,0.4714283880603287,6294.058023715217,6323.73,model
MILHO 2A SAFRA,MS,2020,ridge_pooled,-14.14403129530538,-10.748378912044702,5266.010793650756,4700.0,model
MILHO 2A SAFRA,MT,2020,ridge_pooled,-2.925543701876711,-0.2576777273436449,6409.014603174583,6392.5,model
MILHO 2A SAFRA,PR,2020,ridge_pooled,-6.530650307409475,-12.086240731570589,5701.382857142773,5012.3,model
MILHO 2A SAFRA,GO,2021,baseline_trend,0.0,-37.260806047903735,6533.348201970395,4098.97,baseline
MILHO 2A SAFRA,MG,2021,baseline_trend,0.0,-38.20411166226027,6476.207572463842,4002.03,baseline
MILHO 2A SAFRA,MS,2021,baseline_trend,0.0,-44.09767796343609,5330.959236453171,2980.13,baseline
MILHO 2A SAFRA,MT,2021,baseline_trend,0.0,-14.714513524813878,6595.694334975327,5625.17,baseline
MILHO 2A SAFRA,PR,2021,baseline_trend,0.0,-55.03755044663191,5762.186059113243,2590.82,baseline
MILHO 2A SAFRA,GO,2021,ridge_pooled,-13.11926920704669,-37.260806047903735,6533.348201970395,4098.97,model
MILHO 2A SAFRA,MG,2021,ridge_pooled,-12.077532304208974,-38.20411166226027,6476.207572463842,4002.03,model
MILHO 2A SAFRA,MS,2021,ridge_pooled,-18.92731079964078,-44.09767796343609,5330.959236453171,2980.13,model
MILHO 2A SAFRA,MT,2021,ridge_pooled,-3.5896604339804656,-14.714513524813878,6595.694334975327,5625.17,model
MILHO 2A SAFRA,PR,2021,ridge_pooled,-22.41006336382558,-55.03755044663191,5762.186059113243,2590.82,model
MILHO 2A SAFRA,BA,2022,baseline_trend,0.0,50.21671659639206,1997.114614121485,3000.0,baseline
MILHO 2A SAFRA,GO,2022,baseline_trend,0.0,-28.55369192989935,6364.233678160992,4547.01,baseline
MILHO 2A SAFRA,MG,2022,baseline_trend,0.0,-37.789078375460875,6257.84010000003,3893.06,baseline
MILHO 2A SAFRA,MS,2022,baseline_trend,0.0,7.4346857225239065,5156.63071264379,5540.01,baseline
MILHO 2A SAFRA,MT,2022,baseline_trend,0.0,-4.765264925643948,6655.134804597823,6338.0,baseline
MILHO 2A SAFRA,PR,2022,baseline_trend,0.0,-6.58297803826785,5490.43406896558,5129.0,baseline
MILHO 2A SAFRA,BA,2022,ridge_pooled,-10.334731283876499,50.21671659639206,1997.114614121485,3000.0,model
MILHO 2A SAFRA,GO,2022,ridge_pooled,-10.313721852362495,-28.55369192989935,6364.233678160992,4547.01,model
MILHO 2A SAFRA,MG,2022,ridge_pooled,-17.13586440757319,-37.789078375460875,6257.84010000003,3893.06,model
MILHO 2A SAFRA,MS,2022,ridge_pooled,9.871070194931669,7.4346857225239065,5156.63071264379,5540.01,model
MILHO 2A SAFRA,MT,2022,ridge_pooled,-13.04373720001001,-4.765264925643948,6655.134804597823,6338.0,model
MILHO 2A SAFRA,PR,2022,ridge_pooled,3.26066707384989,-6.58297803826785,5490.43406896558,5129.0,model
MILHO 2A SAFRA,BA,2023,baseline_trend,0.0,43.718482211923714,2212.659047784022,3180.0,baseline
MILHO 2A SAFRA,GO,2023,baseline_trend,0.0,1.793810110999489,6269.516774193704,6381.98,baseline
MILHO 2A SAFRA,MG,2023,baseline_trend,0.0,-8.817118091378841,6048.690153846226,5515.37,baseline
MILHO 2A SAFRA,MS,2023,baseline_trend,0.0,6.002990471305787,5330.047741935559,5650.01,baseline
MILHO 2A SAFRA,MT,2023,baseline_trend,0.0,1.3124351894606796,6796.796451613016,6886.0,baseline
MILHO 2A SAFRA,PR,2023,baseline_trend,0.0,6.593785240088643,5574.433806451678,5942.0,baseline
MILHO 2A SAFRA,BA,2023,ridge_pooled,-5.579634289750465,43.718482211923714,2212.659047784022,3180.0,model
MILHO 2A SAFRA,GO,2023,ridge_pooled,-7.682336908630263,1.793810110999489,6269.516774193704,6381.98,model
MILHO 2A SAFRA,MG,2023,ridge_pooled,-4.3987010499221695,-8.817118091378841,6048.690153846226,5515.37,model
MILHO 2A SAFRA,MS,2023,ridge_pooled,2.4272171901497557,6.002990471305787,5330.047741935559,5650.01,model
MILHO 2A SAFRA,MT,2023,ridge_pooled,-3.8448542450666805,1.3124351894606796,6796.796451613016,6886.0,model
MILHO 2A SAFRA,PR,2023,ridge_pooled,-3.756701460273278,6.593785240088643,5574.433806451678,5942.0,model
MILHO 2A SAFRA,BA,2024,baseline_trend,0.0,42.96131603032984,2420.2351349829114,3460.0,baseline
MILHO 2A SAFRA,GO,2024,baseline_trend,0.0,-2.8588124831373003,6412.346975806431,6229.03,baseline
MILHO 2A SAFRA,MG,2024,baseline_trend,0.0,-20.560510205190848,6104.130341880489,4849.09,baseline
MILHO 2A SAFRA,MS,2024,baseline_trend,0.0,-31.84555453538225,5496.3105846774415,3745.98,baseline
MILHO 2A SAFRA,MT,2024,baseline_trend,0.0,-1.2394595716455523,6988.61100806453,6901.99,baseline
MILHO 2A SAFRA,PR,2024,baseline_trend,0.0,-13.651645561728351,5748.829879032215,4964.02,baseline
MILHO 2A SAFRA,BA,2024,ridge_pooled,-9.700899416142569,42.96131603032984,2420.2351349829114,3460.0,model
MILHO 2A SAFRA,GO,2024,ridge_pooled,-9.97237396372519,-2.8588124831373003,6412.346975806431,6229.03,model
MILHO 2A SAFRA,MG,2024,ridge_pooled,-3.8696234071070275,-20.560510205190848,6104.130341880489,4849.09,model
MILHO 2A SAFRA,MS,2024,ridge_pooled,-5.493141310658416,-31.84555453538225,5496.3105846774415,3745.98,model
MILHO 2A SAFRA,MT,2024,ridge_pooled,12.539384754566036,-1.2394595716455523,6988.61100806453,6901.99,model
MILHO 2A SAFRA,PR,2024,ridge_pooled,-7.781195908500649,-13.651645561728351,5748.829879032215,4964.02,model
MILHO 2A SAFRA,BA,2025,baseline_trend,0.0,47.91418650706553,2636.6639279821247,3900.0,baseline
MILHO 2A SAFRA,GO,2025,baseline_trend,0.0,7.169863378729463,6519.538030302967,6986.98,baseline
MILHO 2A SAFRA,MG,2025,baseline_trend,0.0,-2.494390265305025,6055.056746031711,5904.02,baseline
MILHO 2A SAFRA,MS,2025,baseline_trend,0.0,10.435341189768293,5412.234829545458,5977.02,baseline
MILHO 2A SAFRA,MT,2025,baseline_trend,0.0,5.49939969463245,7159.282443181786,7553.0,baseline
MILHO 2A SAFRA,PR,2025,baseline_trend,0.0,6.92813296107502,5784.240151515143,6184.98,baseline
MILHO 2A SAFRA,BA,2025,ridge_pooled,-4.120200469184744,47.91418650706553,2636.6639279821247,3900.0,model
MILHO 2A SAFRA,GO,2025,ridge_pooled,-10.280188793716865,7.169863378729463,6519.538030302967,6986.98,model
MILHO 2A SAFRA,MG,2025,ridge_pooled,-6.606121791930909,-2.494390265305025,6055.056746031711,5904.02,model
MILHO 2A SAFRA,MS,2025,ridge_pooled,-1.0979824087766703,10.435341189768293,5412.234829545458,5977.02,model
MILHO 2A SAFRA,MT,2025,ridge_pooled,-4.295045659255989,5.49939969463245,7159.282443181786,7553.0,model
MILHO 2A SAFRA,PR,2025,ridge_pooled,-0.753425125180466,6.92813296107502,5784.240151515143,6184.98,model
